{
  "total_accounts": 1373,
  "average_return": 2.9093517844136927,
  "median_return": 2.53,
  "max_return": 14.99,
  "win_rate": 77.85870356882738,
  "top_performers_avg": 12.858285714285714
}